[
  {
    "id": "3e345dfd-32bb-4b0f-92f4-b5798f7c27e4",
    "type": "TestScript",
    "url": "http://build.fhir.org/ig/hl7dk/dk-medcom/",
    "version": "0.1.0",
    "name": "medcom-Acknowledgement-fatal-error-xml-json"
  },
  {
    "id": "5e657b1f-060e-423f-b198-fa8ffee77b87",
    "type": "TestScript",
    "url": "http://build.fhir.org/ig/hl7dk/dk-medcom/",
    "version": "0.1.0",
    "name": "re111ceive-notification-about-admission"
  },
  {
    "id": "83e8e271-ced4-4ca7-ad4b-256ca00ed07f",
    "type": "TestScript",
    "url": "http://build.fhir.org/ig/hl7dk/dk-medcom/",
    "version": "0.1.0",
    "name": "medcom-Acknowledgement-ok-xml-json"
  },
  {
    "id": "92446d93-ec60-4151-b550-3ef6a1b37e08",
    "type": "TestScript",
    "url": "http://build.fhir.org/ig/hl7dk/dk-medcom/",
    "version": "0.1.0",
    "name": "medcom-Acknowledgement-transient-error-xml-json"
  },
  {
    "id": "ACK01-ok",
    "type": "TestScript",
    "url": "http://build.fhir.org/ig/hl7dk/dk-medcom/",
    "version": "0.1.0",
    "name": "medcom-Acknowledgement-ok-xml-json"
  },
  {
    "id": "UFHV01-with-ACK",
    "type": "TestScript",
    "url": "http://build.fhir.org/ig/hl7dk/dk-medcom/",
    "version": "0.1.0",
    "name": "receive-notification-about-admission"
  },
  {
    "id": "UFHV01",
    "type": "TestScript",
    "url": "http://build.fhir.org/ig/hl7dk/dk-medcom/",
    "version": "0.1.0",
    "name": "receive-notification-about-admission"
  },
  {
    "id": "UFHV02-with-ACK",
    "type": "TestScript",
    "url": "http://build.fhir.org/ig/hl7dk/dk-medcom/",
    "version": "0.1.0",
    "name": "receive-notification-correction"
  },
  {
    "id": "UFHV02",
    "type": "TestScript",
    "url": "http://build.fhir.org/ig/hl7dk/dk-medcom/",
    "version": "0.1.0",
    "name": "receive-notification-correction"
  },
  {
    "id": "UFHV03-with-ACK",
    "type": "TestScript",
    "url": "http://build.fhir.org/ig/hl7dk/dk-medcom/",
    "version": "0.1.0",
    "name": "receive-notification-Cancellation"
  },
  {
    "id": "UFHV03",
    "type": "TestScript",
    "url": "http://build.fhir.org/ig/hl7dk/dk-medcom/",
    "version": "0.1.0",
    "name": "receive-notification-Cancellation"
  },
  {
    "id": "UFHV04-with-ACK",
    "type": "TestScript",
    "url": "http://build.fhir.org/ig/hl7dk/dk-medcom/",
    "version": "0.1.0",
    "name": "receive-notification-admitted and discharged"
  },
  {
    "id": "UFHV04",
    "type": "TestScript",
    "url": "http://build.fhir.org/ig/hl7dk/dk-medcom/",
    "version": "0.1.0",
    "name": "receive-notification-admitted and discharged"
  },
  {
    "id": "UFHV05",
    "type": "TestScript",
    "url": "http://build.fhir.org/ig/hl7dk/dk-medcom/",
    "version": "0.1.0",
    "name": "receive-notification-admit and discharge to home"
  },
  {
    "id": "UFHV06",
    "type": "TestScript",
    "url": "http://build.fhir.org/ig/hl7dk/dk-medcom/",
    "version": "0.1.0",
    "name": "never returns after leave"
  },
  {
    "id": "UFHV08-with-ACK",
    "type": "TestScript",
    "url": "http://build.fhir.org/ig/hl7dk/dk-medcom/",
    "version": "0.1.0",
    "name": "Admitted, transferred and discharged to home"
  },
  {
    "id": "UFHV08",
    "type": "TestScript",
    "url": "http://build.fhir.org/ig/hl7dk/dk-medcom/",
    "version": "0.1.0",
    "name": "Admitted, transferred and discharged to home"
  },
  {
    "id": "UFHV09",
    "type": "TestScript",
    "url": "http://build.fhir.org/ig/hl7dk/dk-medcom/",
    "version": "0.1.0",
    "name": "Admitted, transferred and discharged to home"
  },
  {
    "id": "UFHV10",
    "type": "TestScript",
    "url": "http://build.fhir.org/ig/hl7dk/dk-medcom/",
    "version": "0.1.0",
    "name": "Patient is admitted at hospital, transferred to another hospital (another region), and finally discharged to home"
  },
  {
    "id": "UFHV11",
    "type": "TestScript",
    "url": "http://build.fhir.org/ig/hl7dk/dk-medcom/",
    "version": "0.1.0",
    "name": "Patient is admitted at hospital, transfers himself to another hospital (another region), and finally discharged to home"
  },
  {
    "id": "UFHV12",
    "type": "TestScript",
    "url": "http://build.fhir.org/ig/hl7dk/dk-medcom/",
    "version": "0.1.0",
    "name": "Patient is in an emergency outpatient setting ay hospital, but ends up being admitted"
  },
  {
    "id": "UFHV13",
    "type": "TestScript",
    "url": "http://build.fhir.org/ig/hl7dk/dk-medcom/",
    "version": "0.1.0",
    "name": "Patient dies upon arrival at the hospital"
  },
  {
    "id": "UFHV14",
    "type": "TestScript",
    "url": "http://build.fhir.org/ig/hl7dk/dk-medcom/",
    "version": "0.1.0",
    "name": "Patient is admitted and dies at the hospital"
  },
  {
    "id": "UFHV15",
    "type": "TestScript",
    "url": "http://build.fhir.org/ig/hl7dk/dk-medcom/",
    "version": "0.1.0",
    "name": "Dies during leave"
  },
  {
    "id": "UFHV16",
    "type": "TestScript",
    "url": "http://build.fhir.org/ig/hl7dk/dk-medcom/",
    "version": "0.1.0",
    "name": "transferred to a private hospital"
  },
  {
    "id": "medcom",
    "type": "ImplementationGuide",
    "url": "http://example.org/fhir/fish/ImplementationGuide/medcom",
    "version": "0.1.0",
    "name": "HospitalnotificationTestscripts"
  }
]