[
  {
    "id" : "medcom.fhir.dk.testscripts.hospitalnotification",
    "type" : "ImplementationGuide",
    "url" : "http://example.org/fhir/fish/ImplementationGuide/medcom.fhir.dk.testscripts.hospitalnotification",
    "version" : "1.0.0-b1",
    "name" : "HospitalnotificationTestscripts"
  },
  {
    "id" : "hospitalnotification-PF-send-imp-01",
    "type" : "TestScript",
    "url" : "https://medcomfhir.dk/ig/hospitalnotification/",
    "version" : "1.0.0-b1",
    "name" : "Send: Admit patient, register patient as being on leave, register patient as returned from leave, discharge patient."
  },
  {
    "id" : "hospitalnotification-PF-send-imp-02",
    "type" : "TestScript",
    "url" : "https://medcomfhir.dk/ig/hospitalnotification/",
    "version" : "1.0.0-b1",
    "name" : "Send: Admit patient, register patient as being on leave, patient doesn’t return from leave, discharge patient."
  },
  {
    "id" : "hospitalnotification-PF-send-imp-03",
    "type" : "TestScript",
    "url" : "https://medcomfhir.dk/ig/hospitalnotification/",
    "version" : "1.0.0-b1",
    "name" : "Send: Admit patient, register patient as being on leave, patient returns from leave, patient dies"
  },
  {
    "id" : "hospitalnotification-PF-send-imp-04",
    "type" : "TestScript",
    "url" : "https://medcomfhir.dk/ig/hospitalnotification/",
    "version" : "1.0.0-b1",
    "name" : "Send: Admit patient, *register patient as being on leave, patient returns from leave*, * to * x2 "
  },
  {
    "id" : "hospitalnotification-PF-send-imp-05",
    "type" : "TestScript",
    "url" : "https://medcomfhir.dk/ig/hospitalnotification/",
    "version" : "1.0.0-b1",
    "name" : "Send: Admit patient, correct message due to incorrect hospital department"
  }
]
