[
  {
    "id": "5e657b1f-060e-423f-b198-fa8ffee77b87",
    "type": "TestScript",
    "url": "http://build.fhir.org/ig/hl7dk/dk-medcom/",
    "version": "0.1.0",
    "name": "re111ceive-notification-about-admission"
  },
  {
    "id": "ACK01-ok",
    "type": "TestScript",
    "url": "http://build.fhir.org/ig/hl7dk/dk-medcom/",
    "version": "0.1.0",
    "name": "medcom-Acknowledgement-ok-xml-json"
  },
  {
    "id": "ffb-encounter-1-3",
    "type": "TestScript",
    "url": "http://build.fhir.org/ig/hl7dk/dk-medcom/",
    "version": "0.1.0",
    "name": "Encounter phase 1-3"
  },
  {
    "id": "HN-admit-emergency",
    "type": "TestScript",
    "url": "http://build.fhir.org/ig/hl7dk/dk-medcom/",
    "version": "0.1.0",
    "name": "Start hospital admit-emergency"
  },
  {
    "id": "HN-admit-inpatient",
    "type": "TestScript",
    "url": "http://build.fhir.org/ig/hl7dk/dk-medcom/",
    "version": "0.1.0",
    "name": "Start hospital stay-admission"
  },
  {
    "id": "HN-cancel-admit-emergency",
    "type": "TestScript",
    "url": "http://build.fhir.org/ig/hl7dk/dk-medcom/",
    "version": "0.1.0",
    "name": "Cancellation of start hospital stayacute ambulant"
  },
  {
    "id": "HN-cancel-admit-inpatient",
    "type": "TestScript",
    "url": "http://build.fhir.org/ig/hl7dk/dk-medcom/",
    "version": "0.1.0",
    "name": "Cancellation of start hospital stayadmission"
  },
  {
    "id": "HN-cancel-discharge-emergency-home-deseased",
    "type": "TestScript",
    "url": "http://build.fhir.org/ig/hl7dk/dk-medcom/",
    "version": "0.1.0",
    "name": "cancel-discharge-emergency-home-deseased"
  },
  {
    "id": "HN-cancel-discharge-emergency-home",
    "type": "TestScript",
    "url": "http://build.fhir.org/ig/hl7dk/dk-medcom/",
    "version": "0.1.0",
    "name": "cancel-discharge-emergency-home"
  },
  {
    "id": "HN-cancel-discharge-inpatient-home-deseased",
    "type": "TestScript",
    "url": "http://build.fhir.org/ig/hl7dk/dk-medcom/",
    "version": "0.1.0",
    "name": "cancel-discharge-inpatient-home-deseased"
  },
  {
    "id": "HN-cancel-discharge-inpatient-home",
    "type": "TestScript",
    "url": "http://build.fhir.org/ig/hl7dk/dk-medcom/",
    "version": "0.1.0",
    "name": "cancel-discharge-inpatient-home"
  },
  {
    "id": "HN-cancel-end-leave-inpatient",
    "type": "TestScript",
    "url": "http://build.fhir.org/ig/hl7dk/dk-medcom/",
    "version": "0.1.0",
    "name": "cancel-end-leave-inpatient"
  },
  {
    "id": "HN-cancel-start-leave-inpatient",
    "type": "TestScript",
    "url": "http://build.fhir.org/ig/hl7dk/dk-medcom/",
    "version": "0.1.0",
    "name": "Update of Start leave"
  },
  {
    "id": "HN-Cancellation-of-deseased-emer",
    "type": "TestScript",
    "url": "http://build.fhir.org/ig/hl7dk/dk-medcom/",
    "version": "0.1.0",
    "name": "Cancellation-of-deseased-emer"
  },
  {
    "id": "HN-Cancellation-of-deseased-imp",
    "type": "TestScript",
    "url": "http://build.fhir.org/ig/hl7dk/dk-medcom/",
    "version": "0.1.0",
    "name": "Cancellation-of-deseased-imp"
  },
  {
    "id": "HN-discharge-emergency-home",
    "type": "TestScript",
    "url": "http://build.fhir.org/ig/hl7dk/dk-medcom/",
    "version": "0.1.0",
    "name": "discharge-emergency-home"
  },
  {
    "id": "HN-discharge-inpatient-home",
    "type": "TestScript",
    "url": "http://build.fhir.org/ig/hl7dk/dk-medcom/",
    "version": "0.1.0",
    "name": "discharge-inpatient-home"
  },
  {
    "id": "HN-end-leave-inpatient",
    "type": "TestScript",
    "url": "http://build.fhir.org/ig/hl7dk/dk-medcom/",
    "version": "0.1.0",
    "name": "end-leave-inpatient"
  },
  {
    "id": "HN-revise-admit-emergency",
    "type": "TestScript",
    "url": "http://build.fhir.org/ig/hl7dk/dk-medcom/",
    "version": "0.1.0",
    "name": "Update of start hospital stay-acute ambulant"
  },
  {
    "id": "HN-revise-admit-inpatient",
    "type": "TestScript",
    "url": "http://build.fhir.org/ig/hl7dk/dk-medcom/",
    "version": "0.1.0",
    "name": "Update of start hospital stay-admission"
  },
  {
    "id": "HN-revise-discharge-emergency-home-re-deseased",
    "type": "TestScript",
    "url": "http://build.fhir.org/ig/hl7dk/dk-medcom/",
    "version": "0.1.0",
    "name": "revise-discharge-emergency-home-re-deseased"
  },
  {
    "id": "HN-revise-discharge-emergency-home",
    "type": "TestScript",
    "url": "http://build.fhir.org/ig/hl7dk/dk-medcom/",
    "version": "0.1.0",
    "name": "revise-discharge-emergency-home"
  },
  {
    "id": "HN-revise-discharge-inpatient-home-re-deseased",
    "type": "TestScript",
    "url": "http://build.fhir.org/ig/hl7dk/dk-medcom/",
    "version": "0.1.0",
    "name": "revise-discharge-inpatient-home-re-deseased"
  },
  {
    "id": "HN-revise-discharge-inpatient-home",
    "type": "TestScript",
    "url": "http://build.fhir.org/ig/hl7dk/dk-medcom/",
    "version": "0.1.0",
    "name": "revise-discharge-inpatient-home"
  },
  {
    "id": "HN-revise-end-leave-inpatient",
    "type": "TestScript",
    "url": "http://build.fhir.org/ig/hl7dk/dk-medcom/",
    "version": "0.1.0",
    "name": "revise-end-leave-inpatient"
  },
  {
    "id": "HN-revise-start-leave-inpatient",
    "type": "TestScript",
    "url": "http://build.fhir.org/ig/hl7dk/dk-medcom/",
    "version": "0.1.0",
    "name": "Update of Start leave"
  },
  {
    "id": "HN-start-leave-inpatient",
    "type": "TestScript",
    "url": "http://build.fhir.org/ig/hl7dk/dk-medcom/",
    "version": "0.1.0",
    "name": "Start leave"
  },
  {
    "id": "UFHV01-with-ACK",
    "type": "TestScript",
    "url": "http://build.fhir.org/ig/hl7dk/dk-medcom/",
    "version": "0.1.0",
    "name": "receive-notification-about-admission"
  },
  {
    "id": "UFHV01",
    "type": "TestScript",
    "url": "http://build.fhir.org/ig/hl7dk/dk-medcom/",
    "version": "0.1.0",
    "name": "receive-notification-about-admission"
  },
  {
    "id": "UFHV02-with-ACK",
    "type": "TestScript",
    "url": "http://build.fhir.org/ig/hl7dk/dk-medcom/",
    "version": "0.1.0",
    "name": "receive-notification-correction"
  },
  {
    "id": "UFHV02",
    "type": "TestScript",
    "url": "http://build.fhir.org/ig/hl7dk/dk-medcom/",
    "version": "0.1.0",
    "name": "receive-notification-correction"
  },
  {
    "id": "UFHV03-with-ACK",
    "type": "TestScript",
    "url": "http://build.fhir.org/ig/hl7dk/dk-medcom/",
    "version": "0.1.0",
    "name": "receive-notification-Cancellation"
  },
  {
    "id": "UFHV03",
    "type": "TestScript",
    "url": "http://build.fhir.org/ig/hl7dk/dk-medcom/",
    "version": "0.1.0",
    "name": "receive-notification-Cancellation"
  },
  {
    "id": "UFHV04-with-ACK",
    "type": "TestScript",
    "url": "http://build.fhir.org/ig/hl7dk/dk-medcom/",
    "version": "0.1.0",
    "name": "receive-notification-admitted and discharged"
  },
  {
    "id": "UFHV04",
    "type": "TestScript",
    "url": "http://build.fhir.org/ig/hl7dk/dk-medcom/",
    "version": "0.1.0",
    "name": "receive-notification-admitted and discharged"
  },
  {
    "id": "UFHV05-with-ACK",
    "type": "TestScript",
    "url": "http://build.fhir.org/ig/hl7dk/dk-medcom/",
    "version": "0.1.0",
    "name": "receive-notification-admit and discharge to home"
  },
  {
    "id": "UFHV05",
    "type": "TestScript",
    "url": "http://build.fhir.org/ig/hl7dk/dk-medcom/",
    "version": "0.1.0",
    "name": "receive-notification-admit and discharge to home"
  },
  {
    "id": "UFHV06-with-ACK",
    "type": "TestScript",
    "url": "http://build.fhir.org/ig/hl7dk/dk-medcom/",
    "version": "0.1.0",
    "name": "never returns after leave"
  },
  {
    "id": "UFHV06",
    "type": "TestScript",
    "url": "http://build.fhir.org/ig/hl7dk/dk-medcom/",
    "version": "0.1.0",
    "name": "never returns after leave"
  },
  {
    "id": "UFHV08-with-ACK",
    "type": "TestScript",
    "url": "http://build.fhir.org/ig/hl7dk/dk-medcom/",
    "version": "0.1.0",
    "name": "Admitted, transferred and discharged to home"
  },
  {
    "id": "UFHV08",
    "type": "TestScript",
    "url": "http://build.fhir.org/ig/hl7dk/dk-medcom/",
    "version": "0.1.0",
    "name": "Admitted, transferred and discharged to home"
  },
  {
    "id": "UFHV09-with-ACK",
    "type": "TestScript",
    "url": "http://build.fhir.org/ig/hl7dk/dk-medcom/",
    "version": "0.1.0",
    "name": "Admitted, transferred and discharged to home"
  },
  {
    "id": "UFHV09",
    "type": "TestScript",
    "url": "http://build.fhir.org/ig/hl7dk/dk-medcom/",
    "version": "0.1.0",
    "name": "Admitted, transferred and discharged to home"
  },
  {
    "id": "UFHV10-with-ACK",
    "type": "TestScript",
    "url": "http://build.fhir.org/ig/hl7dk/dk-medcom/",
    "version": "0.1.0",
    "name": "Patient is admitted at hospital, transferred to another hospital (another region), and finally discharged to home"
  },
  {
    "id": "UFHV10",
    "type": "TestScript",
    "url": "http://build.fhir.org/ig/hl7dk/dk-medcom/",
    "version": "0.1.0",
    "name": "Patient is admitted at hospital, transferred to another hospital (another region), and finally discharged to home"
  },
  {
    "id": "UFHV11-with-ACK",
    "type": "TestScript",
    "url": "http://build.fhir.org/ig/hl7dk/dk-medcom/",
    "version": "0.1.0",
    "name": "Patient is admitted at hospital, transfers himself to another hospital (another region), and finally discharged to home"
  },
  {
    "id": "UFHV11",
    "type": "TestScript",
    "url": "http://build.fhir.org/ig/hl7dk/dk-medcom/",
    "version": "0.1.0",
    "name": "Patient is admitted at hospital, transfers himself to another hospital (another region), and finally discharged to home"
  },
  {
    "id": "UFHV12-with-ACK",
    "type": "TestScript",
    "url": "http://build.fhir.org/ig/hl7dk/dk-medcom/",
    "version": "0.1.0",
    "name": "Patient is in an emergency outpatient setting ay hospital, but ends up being admitted"
  },
  {
    "id": "UFHV12",
    "type": "TestScript",
    "url": "http://build.fhir.org/ig/hl7dk/dk-medcom/",
    "version": "0.1.0",
    "name": "Patient is in an emergency outpatient setting ay hospital, but ends up being admitted"
  },
  {
    "id": "UFHV13-with-ACK",
    "type": "TestScript",
    "url": "http://build.fhir.org/ig/hl7dk/dk-medcom/",
    "version": "0.1.0",
    "name": "Patient dies upon arrival at the hospital"
  },
  {
    "id": "UFHV13",
    "type": "TestScript",
    "url": "http://build.fhir.org/ig/hl7dk/dk-medcom/",
    "version": "0.1.0",
    "name": "Patient dies upon arrival at the hospital"
  },
  {
    "id": "UFHV14-with-ACK",
    "type": "TestScript",
    "url": "http://build.fhir.org/ig/hl7dk/dk-medcom/",
    "version": "0.1.0",
    "name": "Patient is admitted and dies at the hospital"
  },
  {
    "id": "UFHV14",
    "type": "TestScript",
    "url": "http://build.fhir.org/ig/hl7dk/dk-medcom/",
    "version": "0.1.0",
    "name": "Patient is admitted and dies at the hospital"
  },
  {
    "id": "UFHV15-with-ACK",
    "type": "TestScript",
    "url": "http://build.fhir.org/ig/hl7dk/dk-medcom/",
    "version": "0.1.0",
    "name": "Dies during leave"
  },
  {
    "id": "UFHV15",
    "type": "TestScript",
    "url": "http://build.fhir.org/ig/hl7dk/dk-medcom/",
    "version": "0.1.0",
    "name": "Dies during leave"
  },
  {
    "id": "UFHV16-with-ACK",
    "type": "TestScript",
    "url": "http://build.fhir.org/ig/hl7dk/dk-medcom/",
    "version": "0.1.0",
    "name": "transferred to a private hospital"
  },
  {
    "id": "UFHV16",
    "type": "TestScript",
    "url": "http://build.fhir.org/ig/hl7dk/dk-medcom/",
    "version": "0.1.0",
    "name": "transferred to a private hospital"
  },
  {
    "id": "medcom",
    "type": "ImplementationGuide",
    "url": "http://example.org/fhir/fish/ImplementationGuide/medcom",
    "version": "0.1.0",
    "name": "HospitalnotificationTestscripts"
  }
]