{
  "resourceType": "ImplementationGuide",
  "id": "medcom",
  "text": {
    "status": "extensions",
    "div": "<div xmlns=\"http://www.w3.org/1999/xhtml\"><h2>HospitalnotificationTestscripts</h2><p>The official URL for this implementation guide is: </p><pre>http://example.org/fhir/fish/ImplementationGuide/medcom</pre><div><p>Testscripts for HospitalNotification</p>\n</div></div>"
  },
  "url": "http://example.org/fhir/fish/ImplementationGuide/medcom",
  "version": "0.1.0",
  "name": "HospitalnotificationTestscripts",
  "title": "HospitalNotification Testscripts",
  "status": "draft",
  "date": "2021-10-28T17:10:26+02:00",
  "contact": [
    {
      "name": "MedCom",
      "telecom": [
        {
          "system": "email",
          "value": "fhir@medcom.dk"
        }
      ]
    }
  ],
  "description": "Testscripts for HospitalNotification",
  "packageId": "medcom",
  "license": "CC0-1.0",
  "fhirVersion": [
    "4.0.1"
  ],
  "definition": {
    "extension": [
      {
        "extension": [
          {
            "url": "code",
            "valueString": "copyrightyear"
          },
          {
            "url": "value",
            "valueString": "2020+"
          }
        ],
        "url": "http://hl7.org/fhir/tools/StructureDefinition/ig-parameter"
      },
      {
        "extension": [
          {
            "url": "code",
            "valueString": "releaselabel"
          },
          {
            "url": "value",
            "valueString": "ci-build"
          }
        ],
        "url": "http://hl7.org/fhir/tools/StructureDefinition/ig-parameter"
      },
      {
        "extension": [
          {
            "url": "code",
            "valueString": "apply-publisher"
          },
          {
            "url": "value",
            "valueString": "true"
          }
        ],
        "url": "http://hl7.org/fhir/tools/StructureDefinition/ig-parameter"
      },
      {
        "extension": [
          {
            "url": "code",
            "valueString": "apply-contact"
          },
          {
            "url": "value",
            "valueString": "true"
          }
        ],
        "url": "http://hl7.org/fhir/tools/StructureDefinition/ig-parameter"
      },
      {
        "extension": [
          {
            "url": "code",
            "valueString": "show-inherited-invariants"
          },
          {
            "url": "value",
            "valueString": "false"
          }
        ],
        "url": "http://hl7.org/fhir/tools/StructureDefinition/ig-parameter"
      },
      {
        "extension": [
          {
            "url": "code",
            "valueString": "autoload-resources"
          },
          {
            "url": "value",
            "valueString": "true"
          }
        ],
        "url": "http://hl7.org/fhir/tools/StructureDefinition/ig-parameter"
      },
      {
        "extension": [
          {
            "url": "code",
            "valueString": "path-liquid"
          },
          {
            "url": "value",
            "valueString": "template/liquid"
          }
        ],
        "url": "http://hl7.org/fhir/tools/StructureDefinition/ig-parameter"
      },
      {
        "extension": [
          {
            "url": "code",
            "valueString": "path-liquid"
          },
          {
            "url": "value",
            "valueString": "input/liquid"
          }
        ],
        "url": "http://hl7.org/fhir/tools/StructureDefinition/ig-parameter"
      },
      {
        "extension": [
          {
            "url": "code",
            "valueString": "path-qa"
          },
          {
            "url": "value",
            "valueString": "temp/qa"
          }
        ],
        "url": "http://hl7.org/fhir/tools/StructureDefinition/ig-parameter"
      },
      {
        "extension": [
          {
            "url": "code",
            "valueString": "path-temp"
          },
          {
            "url": "value",
            "valueString": "temp/pages"
          }
        ],
        "url": "http://hl7.org/fhir/tools/StructureDefinition/ig-parameter"
      },
      {
        "extension": [
          {
            "url": "code",
            "valueString": "path-output"
          },
          {
            "url": "value",
            "valueString": "output"
          }
        ],
        "url": "http://hl7.org/fhir/tools/StructureDefinition/ig-parameter"
      },
      {
        "extension": [
          {
            "url": "code",
            "valueString": "path-suppressed-warnings"
          },
          {
            "url": "value",
            "valueString": "input/ignoreWarnings.txt"
          }
        ],
        "url": "http://hl7.org/fhir/tools/StructureDefinition/ig-parameter"
      },
      {
        "extension": [
          {
            "url": "code",
            "valueString": "path-history"
          },
          {
            "url": "value",
            "valueString": "http://example.org/fhir/fish/history.html"
          }
        ],
        "url": "http://hl7.org/fhir/tools/StructureDefinition/ig-parameter"
      },
      {
        "extension": [
          {
            "url": "code",
            "valueString": "template-html"
          },
          {
            "url": "value",
            "valueString": "template-page.html"
          }
        ],
        "url": "http://hl7.org/fhir/tools/StructureDefinition/ig-parameter"
      },
      {
        "extension": [
          {
            "url": "code",
            "valueString": "template-md"
          },
          {
            "url": "value",
            "valueString": "template-page-md.html"
          }
        ],
        "url": "http://hl7.org/fhir/tools/StructureDefinition/ig-parameter"
      },
      {
        "extension": [
          {
            "url": "code",
            "valueString": "apply-context"
          },
          {
            "url": "value",
            "valueString": "true"
          }
        ],
        "url": "http://hl7.org/fhir/tools/StructureDefinition/ig-parameter"
      },
      {
        "extension": [
          {
            "url": "code",
            "valueString": "apply-copyright"
          },
          {
            "url": "value",
            "valueString": "true"
          }
        ],
        "url": "http://hl7.org/fhir/tools/StructureDefinition/ig-parameter"
      },
      {
        "extension": [
          {
            "url": "code",
            "valueString": "apply-jurisdiction"
          },
          {
            "url": "value",
            "valueString": "true"
          }
        ],
        "url": "http://hl7.org/fhir/tools/StructureDefinition/ig-parameter"
      },
      {
        "extension": [
          {
            "url": "code",
            "valueString": "apply-license"
          },
          {
            "url": "value",
            "valueString": "true"
          }
        ],
        "url": "http://hl7.org/fhir/tools/StructureDefinition/ig-parameter"
      },
      {
        "extension": [
          {
            "url": "code",
            "valueString": "apply-version"
          },
          {
            "url": "value",
            "valueString": "true"
          }
        ],
        "url": "http://hl7.org/fhir/tools/StructureDefinition/ig-parameter"
      },
      {
        "extension": [
          {
            "url": "code",
            "valueString": "active-tables"
          },
          {
            "url": "value",
            "valueString": "true"
          }
        ],
        "url": "http://hl7.org/fhir/tools/StructureDefinition/ig-parameter"
      }
    ],
    "resource": [
      {
        "extension": [
          {
            "url": "http://hl7.org/fhir/tools/StructureDefinition/resource-information",
            "valueString": "TestScript"
          }
        ],
        "reference": {
          "reference": "TestScript/3e345dfd-32bb-4b0f-92f4-b5798f7c27e4"
        },
        "name": "TestinstanceACKfatal-error",
        "description": "Testing correct use of acknowledgment",
        "exampleBoolean": true
      },
      {
        "extension": [
          {
            "url": "http://hl7.org/fhir/tools/StructureDefinition/resource-information",
            "valueString": "TestScript"
          }
        ],
        "reference": {
          "reference": "TestScript/5e657b1f-060e-423f-b198-fa8ffee77b87"
        },
        "name": "GeneratedHNrecScript",
        "description": "Testing correct use of status admit-inpatient",
        "exampleBoolean": true
      },
      {
        "extension": [
          {
            "url": "http://hl7.org/fhir/tools/StructureDefinition/resource-information",
            "valueString": "TestScript"
          }
        ],
        "reference": {
          "reference": "TestScript/83e8e271-ced4-4ca7-ad4b-256ca00ed07f"
        },
        "name": "TestinstanceACKOK",
        "description": "Testing correct use of acknowledgment",
        "exampleBoolean": true
      },
      {
        "extension": [
          {
            "url": "http://hl7.org/fhir/tools/StructureDefinition/resource-information",
            "valueString": "TestScript"
          }
        ],
        "reference": {
          "reference": "TestScript/92446d93-ec60-4151-b550-3ef6a1b37e08"
        },
        "name": "TestinstanceACKtransient-error",
        "description": "Testing correct use of acknowledgment",
        "exampleBoolean": true
      },
      {
        "extension": [
          {
            "url": "http://hl7.org/fhir/tools/StructureDefinition/resource-information",
            "valueString": "TestScript"
          }
        ],
        "reference": {
          "reference": "TestScript/ACK01-ok"
        },
        "name": "TestinstanceACK-OK",
        "description": "Testing correct use of acknowledgment",
        "exampleBoolean": true
      },
      {
        "extension": [
          {
            "url": "http://hl7.org/fhir/tools/StructureDefinition/resource-information",
            "valueString": "TestScript"
          }
        ],
        "reference": {
          "reference": "TestScript/UFHV01"
        },
        "name": "TestinstanceUFHV1",
        "description": "Testing correct use of status admit-inpatient",
        "exampleBoolean": true
      },
      {
        "extension": [
          {
            "url": "http://hl7.org/fhir/tools/StructureDefinition/resource-information",
            "valueString": "TestScript"
          }
        ],
        "reference": {
          "reference": "TestScript/UFHV01-with-ACK"
        },
        "name": "TestinstanceUFHV1-with-ACK",
        "description": "Testing correct use of status admit-inpatient",
        "exampleBoolean": true
      },
      {
        "extension": [
          {
            "url": "http://hl7.org/fhir/tools/StructureDefinition/resource-information",
            "valueString": "TestScript"
          }
        ],
        "reference": {
          "reference": "TestScript/UFHV02"
        },
        "name": "TestinstanceUFHV2",
        "description": "Testing correct use of correction",
        "exampleBoolean": true
      },
      {
        "extension": [
          {
            "url": "http://hl7.org/fhir/tools/StructureDefinition/resource-information",
            "valueString": "TestScript"
          }
        ],
        "reference": {
          "reference": "TestScript/UFHV02-with-ACK"
        },
        "name": "TestinstanceUFHV2-with-ACK",
        "exampleBoolean": true
      },
      {
        "extension": [
          {
            "url": "http://hl7.org/fhir/tools/StructureDefinition/resource-information",
            "valueString": "TestScript"
          }
        ],
        "reference": {
          "reference": "TestScript/UFHV03"
        },
        "name": "TestinstanceUFHV3",
        "description": "Testing correct use of Cancellation",
        "exampleBoolean": true
      },
      {
        "extension": [
          {
            "url": "http://hl7.org/fhir/tools/StructureDefinition/resource-information",
            "valueString": "TestScript"
          }
        ],
        "reference": {
          "reference": "TestScript/UFHV03-with-ACK"
        },
        "name": "TestinstanceUFHV3-with-ACK",
        "exampleBoolean": true
      },
      {
        "extension": [
          {
            "url": "http://hl7.org/fhir/tools/StructureDefinition/resource-information",
            "valueString": "TestScript"
          }
        ],
        "reference": {
          "reference": "TestScript/UFHV04"
        },
        "name": "TestinstanceUFHV4",
        "description": "Testing correct use of emergency admit and discharge",
        "exampleBoolean": true
      },
      {
        "extension": [
          {
            "url": "http://hl7.org/fhir/tools/StructureDefinition/resource-information",
            "valueString": "TestScript"
          }
        ],
        "reference": {
          "reference": "TestScript/UFHV04-with-ACK"
        },
        "name": "TestinstanceUFHV4-with-ACK",
        "exampleBoolean": true
      },
      {
        "extension": [
          {
            "url": "http://hl7.org/fhir/tools/StructureDefinition/resource-information",
            "valueString": "TestScript"
          }
        ],
        "reference": {
          "reference": "TestScript/UFHV05"
        },
        "name": "TestinstanceUFHV5",
        "description": "Testing correct use of admit and discharge",
        "exampleBoolean": true
      },
      {
        "extension": [
          {
            "url": "http://hl7.org/fhir/tools/StructureDefinition/resource-information",
            "valueString": "TestScript"
          }
        ],
        "reference": {
          "reference": "TestScript/UFHV05-with-ACK"
        },
        "name": "TestinstanceUFHV5-with-ACK",
        "description": "Testing correct use of admit and discharge",
        "exampleBoolean": true
      },
      {
        "extension": [
          {
            "url": "http://hl7.org/fhir/tools/StructureDefinition/resource-information",
            "valueString": "TestScript"
          }
        ],
        "reference": {
          "reference": "TestScript/UFHV06"
        },
        "name": "TestinstanceUFHV6",
        "description": "Testing correct use of admit and discharge",
        "exampleBoolean": true
      },
      {
        "extension": [
          {
            "url": "http://hl7.org/fhir/tools/StructureDefinition/resource-information",
            "valueString": "TestScript"
          }
        ],
        "reference": {
          "reference": "TestScript/UFHV06-with-ACK"
        },
        "name": "TestinstanceUFHV6-with-ACK",
        "description": "Testing correct use of admit and discharge",
        "exampleBoolean": true
      },
      {
        "extension": [
          {
            "url": "http://hl7.org/fhir/tools/StructureDefinition/resource-information",
            "valueString": "TestScript"
          }
        ],
        "reference": {
          "reference": "TestScript/UFHV08"
        },
        "name": "TestinstanceUFHV8",
        "description": "Testing correct use of admit and discharge",
        "exampleBoolean": true
      },
      {
        "extension": [
          {
            "url": "http://hl7.org/fhir/tools/StructureDefinition/resource-information",
            "valueString": "TestScript"
          }
        ],
        "reference": {
          "reference": "TestScript/UFHV08-with-ACK"
        },
        "name": "TestinstanceUFHV8-with-ACK",
        "description": "Testing correct use of admit and discharge",
        "exampleBoolean": true
      },
      {
        "extension": [
          {
            "url": "http://hl7.org/fhir/tools/StructureDefinition/resource-information",
            "valueString": "TestScript"
          }
        ],
        "reference": {
          "reference": "TestScript/UFHV09"
        },
        "name": "TestinstanceUFHV9",
        "description": "Testing correct use of admit and discharge",
        "exampleBoolean": true
      },
      {
        "extension": [
          {
            "url": "http://hl7.org/fhir/tools/StructureDefinition/resource-information",
            "valueString": "TestScript"
          }
        ],
        "reference": {
          "reference": "TestScript/UFHV09-with-ACK"
        },
        "name": "TestinstanceUFHV9-with-ACK",
        "description": "Testing correct use of admit and discharge",
        "exampleBoolean": true
      },
      {
        "extension": [
          {
            "url": "http://hl7.org/fhir/tools/StructureDefinition/resource-information",
            "valueString": "TestScript"
          }
        ],
        "reference": {
          "reference": "TestScript/UFHV10"
        },
        "name": "TestinstanceUFHV10",
        "description": "Testing correct use of admit and discharge",
        "exampleBoolean": true
      },
      {
        "extension": [
          {
            "url": "http://hl7.org/fhir/tools/StructureDefinition/resource-information",
            "valueString": "TestScript"
          }
        ],
        "reference": {
          "reference": "TestScript/UFHV10-with-ACK"
        },
        "name": "TestinstanceUFHV10-with-ACK",
        "description": "Testing correct use of admit and discharge",
        "exampleBoolean": true
      },
      {
        "extension": [
          {
            "url": "http://hl7.org/fhir/tools/StructureDefinition/resource-information",
            "valueString": "TestScript"
          }
        ],
        "reference": {
          "reference": "TestScript/UFHV11"
        },
        "name": "TestinstanceUFHV11",
        "description": "Testing correct use of admit and discharge",
        "exampleBoolean": true
      },
      {
        "extension": [
          {
            "url": "http://hl7.org/fhir/tools/StructureDefinition/resource-information",
            "valueString": "TestScript"
          }
        ],
        "reference": {
          "reference": "TestScript/UFHV11-with-ACK"
        },
        "name": "TestinstanceUFHV11-with-ACK",
        "description": "Testing correct use of admit and discharge",
        "exampleBoolean": true
      },
      {
        "extension": [
          {
            "url": "http://hl7.org/fhir/tools/StructureDefinition/resource-information",
            "valueString": "TestScript"
          }
        ],
        "reference": {
          "reference": "TestScript/UFHV12"
        },
        "name": "TestinstanceUFHV12",
        "description": "Testing correct use of emergency admit and discharge",
        "exampleBoolean": true
      },
      {
        "extension": [
          {
            "url": "http://hl7.org/fhir/tools/StructureDefinition/resource-information",
            "valueString": "TestScript"
          }
        ],
        "reference": {
          "reference": "TestScript/UFHV12-with-ACK"
        },
        "name": "TestinstanceUFHV12-with-ACK",
        "description": "Testing correct use of emergency admit and discharge",
        "exampleBoolean": true
      },
      {
        "extension": [
          {
            "url": "http://hl7.org/fhir/tools/StructureDefinition/resource-information",
            "valueString": "TestScript"
          }
        ],
        "reference": {
          "reference": "TestScript/UFHV13"
        },
        "name": "TestinstanceUFHV13",
        "description": "Testing correct use of correction",
        "exampleBoolean": true
      },
      {
        "extension": [
          {
            "url": "http://hl7.org/fhir/tools/StructureDefinition/resource-information",
            "valueString": "TestScript"
          }
        ],
        "reference": {
          "reference": "TestScript/UFHV13-with-ACK"
        },
        "name": "TestinstanceUFHV13-with-ACK",
        "description": "Testing correct use of correction",
        "exampleBoolean": true
      },
      {
        "extension": [
          {
            "url": "http://hl7.org/fhir/tools/StructureDefinition/resource-information",
            "valueString": "TestScript"
          }
        ],
        "reference": {
          "reference": "TestScript/UFHV14"
        },
        "name": "TestinstanceUFHV14",
        "description": "Testing correct use of status admit-inpatient",
        "exampleBoolean": true
      },
      {
        "extension": [
          {
            "url": "http://hl7.org/fhir/tools/StructureDefinition/resource-information",
            "valueString": "TestScript"
          }
        ],
        "reference": {
          "reference": "TestScript/UFHV14-with-ACK"
        },
        "name": "TestinstanceUFHV14-with-ACK",
        "description": "Testing correct use of status admit-inpatient",
        "exampleBoolean": true
      },
      {
        "extension": [
          {
            "url": "http://hl7.org/fhir/tools/StructureDefinition/resource-information",
            "valueString": "TestScript"
          }
        ],
        "reference": {
          "reference": "TestScript/UFHV15"
        },
        "name": "TestinstanceUFHV15",
        "description": "Testing correct use of admit and discharge",
        "exampleBoolean": true
      },
      {
        "extension": [
          {
            "url": "http://hl7.org/fhir/tools/StructureDefinition/resource-information",
            "valueString": "TestScript"
          }
        ],
        "reference": {
          "reference": "TestScript/UFHV15-with-ACK"
        },
        "name": "TestinstanceUFHV15-with-ACK",
        "description": "Testing correct use of admit and discharge",
        "exampleBoolean": true
      },
      {
        "extension": [
          {
            "url": "http://hl7.org/fhir/tools/StructureDefinition/resource-information",
            "valueString": "TestScript"
          }
        ],
        "reference": {
          "reference": "TestScript/UFHV16"
        },
        "name": "TestinstanceUFHV16",
        "description": "Testing correct use of correction",
        "exampleBoolean": true
      },
      {
        "extension": [
          {
            "url": "http://hl7.org/fhir/tools/StructureDefinition/resource-information",
            "valueString": "TestScript"
          }
        ],
        "reference": {
          "reference": "TestScript/UFHV16-with-ACK"
        },
        "name": "TestinstanceUFHV16-with-ACK",
        "description": "Testing correct use of correction",
        "exampleBoolean": true
      }
    ],
    "page": {
      "nameUrl": "toc.html",
      "title": "Table of Contents",
      "generation": "html",
      "page": [
        {
          "nameUrl": "index.html",
          "title": "Home",
          "generation": "markdown"
        }
      ]
    },
    "parameter": [
      {
        "code": "path-resource",
        "value": "input/capabilities"
      },
      {
        "code": "path-resource",
        "value": "input/examples"
      },
      {
        "code": "path-resource",
        "value": "input/extensions"
      },
      {
        "code": "path-resource",
        "value": "input/models"
      },
      {
        "code": "path-resource",
        "value": "input/operations"
      },
      {
        "code": "path-resource",
        "value": "input/profiles"
      },
      {
        "code": "path-resource",
        "value": "input/resources"
      },
      {
        "code": "path-resource",
        "value": "input/vocabulary"
      },
      {
        "code": "path-resource",
        "value": "input/maps"
      },
      {
        "code": "path-resource",
        "value": "input/testing"
      },
      {
        "code": "path-resource",
        "value": "input/history"
      },
      {
        "code": "path-resource",
        "value": "fsh-generated/resources"
      },
      {
        "code": "path-pages",
        "value": "template/config"
      },
      {
        "code": "path-pages",
        "value": "input/images"
      },
      {
        "code": "path-tx-cache",
        "value": "input-cache/txcache"
      }
    ]
  }
}