<?xml version="1.0" encoding="UTF-8"?>

<TestScript xmlns="http://hl7.org/fhir">
  <id value="5e657b1f-060e-423f-b198-fa8ffee77b87"/>
  <meta>
    <profile value="http://touchstone.aegis.net/touchstone/fhir/testing/StructureDefinition/testscript"/>
  </meta>
  <text>
    <status value="generated"/><div xmlns="http://www.w3.org/1999/xhtml"><p><b>Generated Narrative</b></p><p><b>url</b>: <code>http://build.fhir.org/ig/hl7dk/dk-medcom/</code></p><p><b>version</b>: 0.1.0</p><p><b>name</b>: re111ceive-notification-about-admission</p><p><b>title</b>: 111hospitalNotification-message admit-inpatient receiving XML</p><p><b>status</b>: active</p><p><b>date</b>: 2021-06-25</p><p><b>publisher</b>: MedCom</p><p><b>contact</b>: MedCom: <a href="mailto:fhir@medcom.dk">fhir@medcom.dk</a></p><p><b>description</b>: Testing correct use of status admit-inpatient</p><p><b>copyright</b>: MedCom 2021</p><h3>Origins</h3><table class="grid"><tr><td>-</td><td><b>Index</b></td><td><b>Profile</b></td></tr><tr><td>*</td><td>1</td><td><span title="{http://terminology.hl7.org/CodeSystem/testscript-profile-origin-types FHIR-Client}">FHIR Client</span></td></tr></table><h3>Destinations</h3><table class="grid"><tr><td>-</td><td><b>Index</b></td><td><b>Profile</b></td></tr><tr><td>*</td><td>1</td><td><span title="{http://terminology.hl7.org/CodeSystem/testscript-profile-destination-types FHIR-Server}">FHIR Server</span></td></tr></table><blockquote><p><b>fixture</b></p><p><b>autocreate</b>: false</p><p><b>autodelete</b>: false</p><p><b>resource</b>: <a href="/FHIRSandbox/MedCom/401-Hospitalnotification/receive/Userstory/_reference/resources/HospitalNotificationMessage-STIN-K1.xml">/FHIRSandbox/MedCom/401-Hospitalnotification/receive/Userstory/_reference/resources/HospitalNotificationMessage-STIN-K1.xml</a></p></blockquote><blockquote><p><b>fixture</b></p><p><b>autocreate</b>: false</p><p><b>autodelete</b>: false</p><p><b>resource</b>: <a href="/FHIRSandbox/MedCom/401-Acknowledgement/_reference/resources/Acknowledgement-ok.xml">/FHIRSandbox/MedCom/401-Acknowledgement/_reference/resources/Acknowledgement-ok.xml</a></p></blockquote><blockquote><p><b>fixture</b></p><p><b>autocreate</b>: false</p><p><b>autodelete</b>: false</p><p><b>resource</b>: <a href="/FHIRSandbox/MedCom/401-Hospitalnotification/receive/Userstory/_reference/resources/HospitalNotificationMessage-SLHJ-K3">/FHIRSandbox/MedCom/401-Hospitalnotification/receive/Userstory/_reference/resources/HospitalNotificationMessage-SLHJ-K3</a></p></blockquote><blockquote><p><b>fixture</b></p><p><b>autocreate</b>: false</p><p><b>autodelete</b>: false</p><p><b>resource</b>: <a href="/FHIRSandbox/MedCom/401-Acknowledgement/_reference/resources/Acknowledgement-ok.xml">/FHIRSandbox/MedCom/401-Acknowledgement/_reference/resources/Acknowledgement-ok.xml</a></p></blockquote><p><b>profile</b>: <a href="http://medcomfhir.dk/fhir/core/1.0/StructureDefinition/medcom-messaging-acknowledgement">http://medcomfhir.dk/fhir/core/1.0/StructureDefinition/medcom-messaging-acknowledgement</a></p><blockquote><p><b>variable</b></p><p><b>name</b>: destinationUriSTIN</p><p><b>expression</b>: Bundle.entry.resource.ofType(MessageHeader).destination.endpoint</p><p><b>sourceId</b>: STIN</p></blockquote><blockquote><p><b>variable</b></p><p><b>name</b>: bundleResourceidSTIN</p><p><b>expression</b>: Bundle.id</p><p><b>sourceId</b>: STIN</p></blockquote><blockquote><p><b>variable</b></p><p><b>name</b>: MessageHeaderIdentifier</p><p><b>expression</b>: Bundle.entry[0].fullUrl</p><p><b>sourceId</b>: STIN</p></blockquote><blockquote><p><b>variable</b></p><p><b>name</b>: headerResourceReference</p><p><b>expression</b>: Bundle.entry[0].fullUrl</p><p><b>sourceId</b>: bundle-create-ack-ok-1</p></blockquote><blockquote><p><b>variable</b></p><p><b>name</b>: destinationUriSLHJ</p><p><b>expression</b>: Bundle.entry.resource.ofType(MessageHeader).destination.endpoint</p><p><b>sourceId</b>: SLHJ</p></blockquote><blockquote><p><b>variable</b></p><p><b>name</b>: bundleResourceidSLHJ</p><p><b>expression</b>: Bundle.id</p><p><b>sourceId</b>: SLHJ</p></blockquote><blockquote><p><b>variable</b></p><p><b>name</b>: MessageHeaderIdentifier</p><p><b>expression</b>: Bundle.entry[0].fullUrl</p><p><b>sourceId</b>: SLHJ</p></blockquote><blockquote><p><b>variable</b></p><p><b>name</b>: headerResourceReference</p><p><b>expression</b>: Bundle.entry[0].fullUrl</p><p><b>sourceId</b>: bundle-create-ack-ok-2</p></blockquote><blockquote><p><b>setup</b></p><blockquote><p><b>action</b></p><h3>Operations</h3><table class="grid"><tr><td>-</td><td><b>Type</b></td><td><b>Resource</b></td><td><b>Description</b></td><td><b>Accept</b></td><td><b>EncodeRequestUrl</b></td><td><b>Params</b></td></tr><tr><td>*</td><td><span title="{http://terminology.hl7.org/CodeSystem/testscript-operation-codes delete}">Delete</span></td><td>Bundle</td><td>System-generated search and delete operations from conditional delete on Bundle MessageHeader).destination.endpoint</td><td>xml</td><td>true</td><td>?message.destination-uri=${destinationUriSTIN}</td></tr></table></blockquote><blockquote><p><b>action</b></p><h3>Operations</h3><table class="grid"><tr><td>-</td><td><b>Type</b></td><td><b>Resource</b></td><td><b>Description</b></td><td><b>Accept</b></td><td><b>ContentType</b></td><td><b>EncodeRequestUrl</b></td><td><b>SourceId</b></td></tr><tr><td>*</td><td><span title="{http://terminology.hl7.org/CodeSystem/testscript-operation-codes create}">Create</span></td><td>Bundle</td><td>Create the Bundle resource in XML format on the destination server.</td><td>xml</td><td>xml</td><td>true</td><td>STIN</td></tr></table></blockquote><blockquote><p><b>action</b></p><h3>Asserts</h3><table class="grid"><tr><td>-</td><td><b>Description</b></td><td><b>Direction</b></td><td><b>ResponseCode</b></td><td><b>WarningOnly</b></td></tr><tr><td>*</td><td>Confirm that the returned HTTP status is 201(Created).</td><td>response</td><td>201</td><td>false</td></tr></table></blockquote><blockquote><p><b>action</b></p><h3>Operations</h3><table class="grid"><tr><td>-</td><td><b>Type</b></td><td><b>Resource</b></td><td><b>Description</b></td><td><b>Accept</b></td><td><b>EncodeRequestUrl</b></td><td><b>Params</b></td></tr><tr><td>*</td><td><span title="{http://terminology.hl7.org/CodeSystem/testscript-operation-codes delete}">Delete</span></td><td>Bundle</td><td>System-generated search and delete operations from conditional delete on Bundle MessageHeader).destination.endpoint</td><td>xml</td><td>true</td><td>?message.destination-uri=${destinationUriSLHJ}</td></tr></table></blockquote><blockquote><p><b>action</b></p><h3>Operations</h3><table class="grid"><tr><td>-</td><td><b>Type</b></td><td><b>Resource</b></td><td><b>Description</b></td><td><b>Accept</b></td><td><b>ContentType</b></td><td><b>EncodeRequestUrl</b></td><td><b>SourceId</b></td></tr><tr><td>*</td><td><span title="{http://terminology.hl7.org/CodeSystem/testscript-operation-codes create}">Create</span></td><td>Bundle</td><td>Create the Bundle resource in XML format on the destination server.</td><td>xml</td><td>xml</td><td>true</td><td>SLHJ</td></tr></table></blockquote><blockquote><p><b>action</b></p><h3>Asserts</h3><table class="grid"><tr><td>-</td><td><b>Description</b></td><td><b>Direction</b></td><td><b>ResponseCode</b></td><td><b>WarningOnly</b></td></tr><tr><td>*</td><td>Confirm that the returned HTTP status is 201(Created).</td><td>response</td><td>201</td><td>false</td></tr></table></blockquote></blockquote><blockquote><p><b>test</b></p><p><b>name</b>: HospitalNotification-STIN</p><p><b>description</b>: GET a Hospital notification. The expected response is a 200(OK) with a payload of the Hospital notification resource in XML format.</p><blockquote><p><b>action</b></p><h3>Operations</h3><table class="grid"><tr><td>-</td><td><b>Type</b></td><td><b>Resource</b></td><td><b>Description</b></td><td><b>Accept</b></td><td><b>Destination</b></td><td><b>EncodeRequestUrl</b></td><td><b>Origin</b></td><td><b>Params</b></td></tr><tr><td>*</td><td><span title="{http://terminology.hl7.org/CodeSystem/testscript-operation-codes read}">Read</span></td><td>Bundle</td><td>Receive notification about admission -STIN</td><td>xml</td><td>1</td><td>true</td><td>1</td><td>?message.destination-uri=${destinationUriSTIN}</td></tr></table></blockquote><blockquote><p><b>action</b></p><h3>Asserts</h3><table class="grid"><tr><td>-</td><td><b>Description</b></td><td><b>Direction</b></td><td><b>ResponseCode</b></td><td><b>WarningOnly</b></td></tr><tr><td>*</td><td>Confirm that the returned HTTP status is 200(OK).</td><td>response</td><td>200</td><td>false</td></tr></table></blockquote></blockquote><blockquote><p><b>test</b></p><p><b>name</b>: Post Acknowledgement</p><p><b>description</b>: GET a Hospital notification</p><blockquote><p><b>action</b></p><h3>Operations</h3><table class="grid"><tr><td>-</td><td><b>Type</b></td><td><b>Resource</b></td><td><b>Description</b></td><td><b>Accept</b></td><td><b>Destination</b></td><td><b>EncodeRequestUrl</b></td><td><b>Origin</b></td><td><b>SourceId</b></td></tr><tr><td>*</td><td><span title="{http://terminology.hl7.org/CodeSystem/testscript-operation-codes create}">Create</span></td><td>Bundle</td><td>Post a acknowledgement</td><td>xml</td><td>1</td><td>true</td><td>1</td><td>bundle-create-ack-ok-1</td></tr></table></blockquote><blockquote><p><b>action</b></p><h3>Asserts</h3><table class="grid"><tr><td>-</td><td><b>Description</b></td><td><b>Direction</b></td><td><b>Resource</b></td><td><b>WarningOnly</b></td></tr><tr><td>*</td><td>Confirm that the client request payload contains a Bundle resource type.</td><td>request</td><td>Bundle</td><td>false</td></tr></table></blockquote><blockquote><p><b>action</b></p><h3>Asserts</h3><table class="grid"><tr><td>-</td><td><b>Description</b></td><td><b>Direction</b></td><td><b>Expression</b></td><td><b>Operator</b></td><td><b>Value</b></td><td><b>WarningOnly</b></td></tr><tr><td>*</td><td>Confirm that the MessageHeader response code is ok</td><td>request</td><td>Bundle.entry.resource.ofType(MessageHeader).response.code</td><td>equals</td><td>ok</td><td>false</td></tr></table></blockquote><blockquote><p><b>action</b></p><h3>Asserts</h3><table class="grid"><tr><td>-</td><td><b>Description</b></td><td><b>Direction</b></td><td><b>Expression</b></td><td><b>WarningOnly</b></td></tr><tr><td>*</td><td>Confirm that the Bundle not containing a OperationOutcome</td><td>request</td><td>Bundle.entry.resource.ofType(OperationOutcome).exists().not()</td><td>false</td></tr></table></blockquote><blockquote><p><b>action</b></p><h3>Asserts</h3><table class="grid"><tr><td>-</td><td><b>Description</b></td><td><b>Direction</b></td><td><b>Expression</b></td><td><b>Operator</b></td><td><b>Value</b></td><td><b>WarningOnly</b></td></tr><tr><td>*</td><td>Confirm that the MessageHeader.response.identifier is equal to Id of original message </td><td>request</td><td>Bundle.entry.resource.ofType(MessageHeader).response.identifier</td><td>equals</td><td>${bundleResourceidSTIN}</td><td>false</td></tr></table></blockquote><blockquote><p><b>action</b></p><h3>Asserts</h3><table class="grid"><tr><td>-</td><td><b>Description</b></td><td><b>Direction</b></td><td><b>Expression</b></td><td><b>WarningOnly</b></td></tr><tr><td>*</td><td>Confirm that the reference  Provenance.entity.what is equal to Id of original messageheader.identifier</td><td>request</td><td>Bundle.entry.resource.ofType(Provenance).where(entity.what.reference ='${MessageHeaderIdentifier}')</td><td>false</td></tr></table></blockquote></blockquote><blockquote><p><b>test</b></p><p><b>name</b>: HospitalNotification-STIN</p><p><b>description</b>: GET a Hospital notification. The expected response is a 200(OK) with a payload of the Hospital notification resource in XML format.</p><blockquote><p><b>action</b></p><h3>Operations</h3><table class="grid"><tr><td>-</td><td><b>Type</b></td><td><b>Resource</b></td><td><b>Description</b></td><td><b>Accept</b></td><td><b>Destination</b></td><td><b>EncodeRequestUrl</b></td><td><b>Origin</b></td><td><b>Params</b></td></tr><tr><td>*</td><td><span title="{http://terminology.hl7.org/CodeSystem/testscript-operation-codes read}">Read</span></td><td>Bundle</td><td>Receive notification about admission -STIN</td><td>xml</td><td>1</td><td>true</td><td>1</td><td>?message.destination-uri=${destinationUriSLHJ}</td></tr></table></blockquote><blockquote><p><b>action</b></p><h3>Asserts</h3><table class="grid"><tr><td>-</td><td><b>Description</b></td><td><b>Direction</b></td><td><b>ResponseCode</b></td><td><b>WarningOnly</b></td></tr><tr><td>*</td><td>Confirm that the returned HTTP status is 200(OK).</td><td>response</td><td>200</td><td>false</td></tr></table></blockquote></blockquote><blockquote><p><b>test</b></p><p><b>name</b>: Post Acknowledgement</p><p><b>description</b>: GET a Hospital notification</p><blockquote><p><b>action</b></p><h3>Operations</h3><table class="grid"><tr><td>-</td><td><b>Type</b></td><td><b>Resource</b></td><td><b>Description</b></td><td><b>Accept</b></td><td><b>Destination</b></td><td><b>EncodeRequestUrl</b></td><td><b>Origin</b></td><td><b>SourceId</b></td></tr><tr><td>*</td><td><span title="{http://terminology.hl7.org/CodeSystem/testscript-operation-codes create}">Create</span></td><td>Bundle</td><td>Post a acknowledgement</td><td>xml</td><td>1</td><td>true</td><td>1</td><td>bundle-create-ack-ok-2</td></tr></table></blockquote><blockquote><p><b>action</b></p><h3>Asserts</h3><table class="grid"><tr><td>-</td><td><b>Description</b></td><td><b>Direction</b></td><td><b>Resource</b></td><td><b>WarningOnly</b></td></tr><tr><td>*</td><td>Confirm that the client request payload contains a Bundle resource type.</td><td>request</td><td>Bundle</td><td>false</td></tr></table></blockquote><blockquote><p><b>action</b></p><h3>Asserts</h3><table class="grid"><tr><td>-</td><td><b>Description</b></td><td><b>Direction</b></td><td><b>Expression</b></td><td><b>Operator</b></td><td><b>Value</b></td><td><b>WarningOnly</b></td></tr><tr><td>*</td><td>Confirm that the MessageHeader response code is ok</td><td>request</td><td>Bundle.entry.resource.ofType(MessageHeader).response.code</td><td>equals</td><td>ok</td><td>false</td></tr></table></blockquote><blockquote><p><b>action</b></p><h3>Asserts</h3><table class="grid"><tr><td>-</td><td><b>Description</b></td><td><b>Direction</b></td><td><b>Expression</b></td><td><b>WarningOnly</b></td></tr><tr><td>*</td><td>Confirm that the Bundle not containing a OperationOutcome</td><td>request</td><td>Bundle.entry.resource.ofType(OperationOutcome).exists().not()</td><td>false</td></tr></table></blockquote><blockquote><p><b>action</b></p><h3>Asserts</h3><table class="grid"><tr><td>-</td><td><b>Description</b></td><td><b>Direction</b></td><td><b>Expression</b></td><td><b>Operator</b></td><td><b>Value</b></td><td><b>WarningOnly</b></td></tr><tr><td>*</td><td>Confirm that the MessageHeader.response.identifier is equal to Id of original message </td><td>request</td><td>Bundle.entry.resource.ofType(MessageHeader).response.identifier</td><td>equals</td><td>${bundleResourceidSLHJ}</td><td>false</td></tr></table></blockquote><blockquote><p><b>action</b></p><h3>Asserts</h3><table class="grid"><tr><td>-</td><td><b>Description</b></td><td><b>Direction</b></td><td><b>Expression</b></td><td><b>WarningOnly</b></td></tr><tr><td>*</td><td>Confirm that the reference  Provenance.entity.what is equal to Id of original messageheader.identifier</td><td>request</td><td>Bundle.entry.resource.ofType(Provenance).where(entity.what.reference ='${MessageHeaderIdentifier}')</td><td>false</td></tr></table></blockquote></blockquote></div>
  </text>
  <url value="http://build.fhir.org/ig/hl7dk/dk-medcom/"/>
  <version value="0.1.0"/>
  <name value="re111ceive-notification-about-admission"/>
  <title value="111hospitalNotification-message admit-inpatient receiving XML"/>
  <status value="active"/>
  <date value="2021-06-25"/>
  <publisher value="MedCom"/>
  <contact>
    <name value="MedCom"/>
    <telecom>
      <system value="email"/>
      <value value="fhir@medcom.dk"/>
    </telecom>
  </contact>
  <description value="Testing correct use of status admit-inpatient"/>
  <copyright value="MedCom 2021"/>
  <origin>
    <index value="1"/>
    <profile>
      <system value="http://terminology.hl7.org/CodeSystem/testscript-profile-origin-types"/>
      <code value="FHIR-Client"/>
    </profile>
  </origin>
  <destination>
    <index value="1"/>
    <profile>
      <system value="http://terminology.hl7.org/CodeSystem/testscript-profile-destination-types"/>
      <code value="FHIR-Server"/>
    </profile>
  </destination>
  <fixture id="STIN">
    <autocreate value="false"/>
    <autodelete value="false"/>
    <resource>
      <reference value="/FHIRSandbox/MedCom/401-Hospitalnotification/receive/Userstory/_reference/resources/HospitalNotificationMessage-STIN-K1.xml"/>
    </resource>
  </fixture>
  <fixture id="bundle-create-ack-ok-1">
    <autocreate value="false"/>
    <autodelete value="false"/>
    <resource>
      <reference value="/FHIRSandbox/MedCom/401-Acknowledgement/_reference/resources/Acknowledgement-ok.xml"/>
    </resource>
  </fixture>
  <fixture id="SLHJ">
    <autocreate value="false"/>
    <autodelete value="false"/>
    <resource>
      <reference value="/FHIRSandbox/MedCom/401-Hospitalnotification/receive/Userstory/_reference/resources/HospitalNotificationMessage-SLHJ-K3"/>
    </resource>
  </fixture>
  <fixture id="bundle-create-ack-ok-2">
    <autocreate value="false"/>
    <autodelete value="false"/>
    <resource>
      <reference value="/FHIRSandbox/MedCom/401-Acknowledgement/_reference/resources/Acknowledgement-ok.xml"/>
    </resource>
  </fixture>
  <profile id="acknowledgment-profile">
    <reference value="http://medcomfhir.dk/fhir/core/1.0/StructureDefinition/medcom-messaging-acknowledgement"/>
  </profile>
  <variable>
    <name value="destinationUriSTIN"/>
    <expression value="Bundle.entry.resource.ofType(MessageHeader).destination.endpoint"/>
    <sourceId value="STIN"/>
  </variable>
  <variable>
    <name value="bundleResourceidSTIN"/>
    <expression value="Bundle.id"/>
    <sourceId value="STIN"/>
  </variable>
  <variable>
    <name value="MessageHeaderIdentifier"/>
    <expression value="Bundle.entry[0].fullUrl"/>
    <sourceId value="STIN"/>
  </variable>
  <variable>
    <name value="headerResourceReference"/>
    <expression value="Bundle.entry[0].fullUrl"/>
    <sourceId value="bundle-create-ack-ok-1"/>
  </variable>
  <variable>
    <name value="destinationUriSLHJ"/>
    <expression value="Bundle.entry.resource.ofType(MessageHeader).destination.endpoint"/>
    <sourceId value="SLHJ"/>
  </variable>
  <variable>
    <name value="bundleResourceidSLHJ"/>
    <expression value="Bundle.id"/>
    <sourceId value="SLHJ"/>
  </variable>
  <variable>
    <name value="MessageHeaderIdentifier"/>
    <expression value="Bundle.entry[0].fullUrl"/>
    <sourceId value="SLHJ"/>
  </variable>
  <variable>
    <name value="headerResourceReference"/>
    <expression value="Bundle.entry[0].fullUrl"/>
    <sourceId value="bundle-create-ack-ok-2"/>
  </variable>
  <setup>
    <action>
      <operation>
        <type>
          <system value="http://terminology.hl7.org/CodeSystem/testscript-operation-codes"/>
          <code value="delete"/>
        </type>
        <resource value="Bundle"/>
        <description value="System-generated search and delete operations from conditional delete on Bundle MessageHeader).destination.endpoint"/>
        <accept value="xml"/>
        <encodeRequestUrl value="true"/>
        <params value="?message.destination-uri=${destinationUriSTIN}"/>
      </operation>
    </action>
    <action>
      <operation>
        <type>
          <system value="http://terminology.hl7.org/CodeSystem/testscript-operation-codes"/>
          <code value="create"/>
        </type>
        <resource value="Bundle"/>
        <description value="Create the Bundle resource in XML format on the destination server."/>
        <accept value="xml"/>
        <contentType value="xml"/>
        <encodeRequestUrl value="true"/>
        <sourceId value="STIN"/>
      </operation>
    </action>
    <action>
      <assert>
        <description value="Confirm that the returned HTTP status is 201(Created)."/>
        <direction value="response"/>
        <responseCode value="201"/>
        <warningOnly value="false"/>
      </assert>
    </action>
    <action>
      <operation>
        <type>
          <system value="http://terminology.hl7.org/CodeSystem/testscript-operation-codes"/>
          <code value="delete"/>
        </type>
        <resource value="Bundle"/>
        <description value="System-generated search and delete operations from conditional delete on Bundle MessageHeader).destination.endpoint"/>
        <accept value="xml"/>
        <encodeRequestUrl value="true"/>
        <params value="?message.destination-uri=${destinationUriSLHJ}"/>
      </operation>
    </action>
    <action>
      <operation>
        <type>
          <system value="http://terminology.hl7.org/CodeSystem/testscript-operation-codes"/>
          <code value="create"/>
        </type>
        <resource value="Bundle"/>
        <description value="Create the Bundle resource in XML format on the destination server."/>
        <accept value="xml"/>
        <contentType value="xml"/>
        <encodeRequestUrl value="true"/>
        <sourceId value="SLHJ"/>
      </operation>
    </action>
    <action>
      <assert>
        <description value="Confirm that the returned HTTP status is 201(Created)."/>
        <direction value="response"/>
        <responseCode value="201"/>
        <warningOnly value="false"/>
      </assert>
    </action>
  </setup>
  <test id="01-STIN">
    <name value="HospitalNotification-STIN"/>
    <description value="GET a Hospital notification. The expected response is a 200(OK) with a payload of the Hospital notification resource in XML format."/>
    <action>
      <operation>
        <type>
          <system value="http://terminology.hl7.org/CodeSystem/testscript-operation-codes"/>
          <code value="read"/>
        </type>
        <resource value="Bundle"/>
        <description value="Receive notification about admission -STIN"/>
        <accept value="xml"/>
        <destination value="1"/>
        <encodeRequestUrl value="true"/>
        <origin value="1"/>
        <params value="?message.destination-uri=${destinationUriSTIN}"/>
      </operation>
    </action>
    <action>
      <assert>
        <description value="Confirm that the returned HTTP status is 200(OK)."/>
        <direction value="response"/>
        <responseCode value="200"/>
        <warningOnly value="false"/>
      </assert>
    </action>
  </test>
  <test id="02-ACK-01-okSTIN">
    <name value="Post Acknowledgement"/>
    <description value="GET a Hospital notification"/>
    <action>
      <operation>
        <type>
          <system value="http://terminology.hl7.org/CodeSystem/testscript-operation-codes"/>
          <code value="create"/>
        </type>
        <resource value="Bundle"/>
        <description value="Post a acknowledgement"/>
        <accept value="xml"/>
        <destination value="1"/>
        <encodeRequestUrl value="true"/>
        <origin value="1"/>
        <sourceId value="bundle-create-ack-ok-1"/>
      </operation>
    </action>
    <action>
      <assert>
        <description value="Confirm that the client request payload contains a Bundle resource type."/>
        <direction value="request"/>
        <resource value="Bundle"/>
        <warningOnly value="false"/>
      </assert>
    </action>
    <action>
      <assert>
        <description value="Confirm that the MessageHeader response code is ok"/>
        <direction value="request"/>
        <expression value="Bundle.entry.resource.ofType(MessageHeader).response.code"/>
        <operator value="equals"/>
        <value value="ok"/>
        <warningOnly value="false"/>
      </assert>
    </action>
    <action>
      <assert>
        <description value="Confirm that the Bundle not containing a OperationOutcome"/>
        <direction value="request"/>
        <expression value="Bundle.entry.resource.ofType(OperationOutcome).exists().not()"/>
        <warningOnly value="false"/>
      </assert>
    </action>
    <action>
      <assert>
        <description value="Confirm that the MessageHeader.response.identifier is equal to Id of original message "/>
        <direction value="request"/>
        <expression value="Bundle.entry.resource.ofType(MessageHeader).response.identifier"/>
        <operator value="equals"/>
        <value value="${bundleResourceidSTIN}"/>
        <warningOnly value="false"/>
      </assert>
    </action>
    <action>
      <assert>
        <description value="Confirm that the reference  Provenance.entity.what is equal to Id of original messageheader.identifier"/>
        <direction value="request"/>
        <expression value="Bundle.entry.resource.ofType(Provenance).where(entity.what.reference =&#39;${MessageHeaderIdentifier}&#39;)"/>
        <warningOnly value="false"/>
      </assert>
    </action>
  </test>
  <test id="01-SLHJ">
    <name value="HospitalNotification-STIN"/>
    <description value="GET a Hospital notification. The expected response is a 200(OK) with a payload of the Hospital notification resource in XML format."/>
    <action>
      <operation>
        <type>
          <system value="http://terminology.hl7.org/CodeSystem/testscript-operation-codes"/>
          <code value="read"/>
        </type>
        <resource value="Bundle"/>
        <description value="Receive notification about admission -STIN"/>
        <accept value="xml"/>
        <destination value="1"/>
        <encodeRequestUrl value="true"/>
        <origin value="1"/>
        <params value="?message.destination-uri=${destinationUriSLHJ}"/>
      </operation>
    </action>
    <action>
      <assert>
        <description value="Confirm that the returned HTTP status is 200(OK)."/>
        <direction value="response"/>
        <responseCode value="200"/>
        <warningOnly value="false"/>
      </assert>
    </action>
  </test>
  <test id="02-ACK-01-okSLHJ">
    <name value="Post Acknowledgement"/>
    <description value="GET a Hospital notification"/>
    <action>
      <operation>
        <type>
          <system value="http://terminology.hl7.org/CodeSystem/testscript-operation-codes"/>
          <code value="create"/>
        </type>
        <resource value="Bundle"/>
        <description value="Post a acknowledgement"/>
        <accept value="xml"/>
        <destination value="1"/>
        <encodeRequestUrl value="true"/>
        <origin value="1"/>
        <sourceId value="bundle-create-ack-ok-2"/>
      </operation>
    </action>
    <action>
      <assert>
        <description value="Confirm that the client request payload contains a Bundle resource type."/>
        <direction value="request"/>
        <resource value="Bundle"/>
        <warningOnly value="false"/>
      </assert>
    </action>
    <action>
      <assert>
        <description value="Confirm that the MessageHeader response code is ok"/>
        <direction value="request"/>
        <expression value="Bundle.entry.resource.ofType(MessageHeader).response.code"/>
        <operator value="equals"/>
        <value value="ok"/>
        <warningOnly value="false"/>
      </assert>
    </action>
    <action>
      <assert>
        <description value="Confirm that the Bundle not containing a OperationOutcome"/>
        <direction value="request"/>
        <expression value="Bundle.entry.resource.ofType(OperationOutcome).exists().not()"/>
        <warningOnly value="false"/>
      </assert>
    </action>
    <action>
      <assert>
        <description value="Confirm that the MessageHeader.response.identifier is equal to Id of original message "/>
        <direction value="request"/>
        <expression value="Bundle.entry.resource.ofType(MessageHeader).response.identifier"/>
        <operator value="equals"/>
        <value value="${bundleResourceidSLHJ}"/>
        <warningOnly value="false"/>
      </assert>
    </action>
    <action>
      <assert>
        <description value="Confirm that the reference  Provenance.entity.what is equal to Id of original messageheader.identifier"/>
        <direction value="request"/>
        <expression value="Bundle.entry.resource.ofType(Provenance).where(entity.what.reference =&#39;${MessageHeaderIdentifier}&#39;)"/>
        <warningOnly value="false"/>
      </assert>
    </action>
  </test>
</TestScript>